-- AULA SOBRE OPERADORES DE COMPARAÇÃO e LÓGICOS

use DB_T04301_DAN_VASQUES;

-- ELIMINAR TABELA CASO EXISTAM
DROP TABLE IF EXISTS TB_CLIENTES;
DROP TABLE IF EXISTS TB_PEDIDOS;
DROP TABLE IF EXISTS TB_PEDIDOS_CLIENTE;
DROP TABLE IF EXISTS TB_PRODUTOS;

-- CRIAR TABELAS PARA ANALISE
-- CLIENTES
CREATE TABLE TB_CLIENTES (
	id_cliente INT PRIMARY KEY,
    nome VARCHAR(100),
    cidade VARCHAR(100)
);

-- PEDIDOS
CREATE TABLE TB_PEDIDOS (
    id_pedido INT PRIMARY KEY,
    id_cliente INT,
    valor_total DECIMAL(10,2)
);

-- PRODUTOS
CREATE TABLE TB_PRODUTOS (
    id_produto INT PRIMARY KEY,
    nome VARCHAR(100),
    preco DECIMAL(10,2)
);

-- INSERIR REGISTROS NAS TABELAS
-- CLIENTES
INSERT INTO TB_CLIENTES
VALUES (1, 'Ana Silva', 'São Paulo'),
	(2, 'Bruno Souza', 'Rio de Janeiro'),
	(3, 'Carla Mendes', 'Curitiba'),
	(4, 'Daniel Rocha', 'São Paulo'),
	(5, 'Eduardo Lima', 'Belo Horizonte'),
	(6, 'Fernanda Alves', 'Salvador'),
	(7, 'Gustavo Pereira', 'Fortaleza'),
	(8, 'Helena Costa', 'São Paulo'),
	(9, 'Igor Martins', 'Curitiba'),
	(10, 'Juliana Ramos', 'Recife'),
	(11, 'Kleber Dias', 'Porto Alegre'),
	(12, 'Larissa Gomes', 'São Paulo'),
	(13, 'Marcos Vinicius', 'Rio de Janeiro'),
	(14, 'Natalia Teixeira', 'Brasília'),
	(15, 'Otavio Barros', 'São Paulo'),
	(16, 'Patricia Freitas', 'Salvador'),
	(17, 'Rafael Nogueira', 'Curitiba'),
	(18, 'Sabrina Cardoso', 'Fortaleza'),
	(19, 'Tiago Ribeiro', 'São Paulo'),
	(20, 'Vanessa Duarte', 'Belo Horizonte');

-- PRODUTOS
INSERT INTO TB_PRODUTOS VALUES
	(1, 'Mouse Gamer RGB', 120.00),
	(2, 'Teclado Mecânico', 250.00),
	(3, 'Headset Gamer', 300.00),
	(4, 'Mousepad Grande', 80.00),
	(5, 'Webcam Full HD', 200.00),
	(6, 'Hub USB 4 Portas', 60.00),
	(7, 'Suporte para Notebook', 90.00),
	(8, 'Cooler para Notebook', 110.00),
	(9, 'Cabo HDMI', 40.00),
	(10, 'Adaptador USB-C', 70.00),
	(11, 'Pen Drive 64GB', 55.00),
	(12, 'HD Externo 1TB', 350.00),
	(13, 'SSD 480GB', 280.00),
	(14, 'Carregador Universal', 150.00),
	(15, 'Base para Monitor', 130.00),
	(16, 'Filtro de Linha', 75.00),
	(17, 'Switch de Rede', 220.00),
	(18, 'Roteador Wi-Fi', 300.00),
	(19, 'Cabo de Rede', 25.00),
	(20, 'Organizador de Cabos', 30.00);

-- PEDIDOS
INSERT INTO TB_PEDIDOS VALUES
	(1, 1, 120.00),
	(2, 2, 500.00),
	(3, 3, 80.00),
	(4, 4, 350.00),
	(5, 5, 200.00),
	(6, 6, 150.00),
	(7, 7, 90.00),
	(8, 8, 300.00),
	(9, 9, 60.00),
	(10, 10, 110.00),
	(11, 11, 75.00),
	(12, 12, 250.00),
	(13, 13, 400.00),
	(14, 14, 55.00),
	(15, 15, 280.00),
	(16, 16, 130.00),
	(17, 17, 220.00),
	(18, 18, 300.00),
	(19, 19, 40.00),
	(20, 20, 30.00);

-- TABELA AUXILIAR PEDIDO -> CLIENTE
CREATE TABLE TB_PEDIDOS_CLIENTE AS
SELECT id_pedido, nome as cliente, valor_total 
FROM TB_PEDIDOS AS P
INNER JOIN TB_CLIENTES AS C
ON P.id_cliente = C.id_cliente;

-- CONSULTANDO AS TABELAS
SELECT * FROM TB_CLIENTES;
SELECT * FROM TB_PEDIDOS;
SELECT * FROM TB_PEDIDOS_CLIENTE;
SELECT * FROM TB_PRODUTOS;


-- OPERADORES DE COMPARAÇÃO --

-- OPERADOR IGUAL (=)

-- retornar clientes da cidade de Sao Paulo
select * from TB_CLIENTES
where cidade = 'São Paulo';
-- OU
select nome, cidade from TB_CLIENTES
where cidade = 'São Paulo';

-- RETORNAR UM PRODUTO ESPECIFICO
select * from TB_PRODUTOS
where nome = 'Mouse Gamer RGB';
-- OU
select nome, preco from TB_PRODUTOS
where nome = 'Mouse Gamer RGB';


-- OPERADOR DIFERENTE (<> ou !=)

-- RETORNAR TODO MUNDO MENOS QUEM É DO RIO DE JANEIRO
select * from TB_CLIENTES
where cidade != 'Rio de Janeiro'
order by cidade asc;
-- OU
select * from TB_CLIENTES
where cidade <> 'Rio de Janeiro'
order by cidade asc;


-- OBS: usa-se somente em valores numericos e data
-- OPERADOR MAIOR QUE (>)
select * from TB_PRODUTOS
where preco > 90.00
order by preco asc;

-- OPERADOR MAIOR OU IGUAL (>=)
select * from TB_PRODUTOS
where preco >= 90.00
order by preco asc;

-- OPERADOR MENOR QUE (<)
select nome, preco from TB_PRODUTOS
where preco < 120.00
order by preco desc;

-- OPERADOR MENOR OU IGUAL (<=)
select * from TB_PRODUTOS
where preco <= 120.00
order by preco asc;


-- OPERADORES LÓGICOS --

-- CRIADO TABELA AUXILIAR PARA USAR NOS OPERADORES LÓGICOS
CREATE TABLE TB_PEDIDOS_CLIENTE_V2 AS
SELECT id_pedido, nome as cliente, valor_total, cidade
FROM TB_PEDIDOS AS P
INNER JOIN TB_CLIENTES AS C
ON P.id_cliente = C.id_cliente;


-- OPERADOR AND

-- TODOS OS PEDIDOS DE CLIENTES DE SP, CUJO VALOR SEJA MAIOR QUE 200
select * from TB_PEDIDOS_CLIENTE_V2
where cidade = 'São Paulo' and valor_total > 200.00
order by valor_total asc;
-- OU
select cliente, cidade, valor_total from TB_PEDIDOS_CLIENTE_V2
where cidade = 'São Paulo' and valor_total > 200.00
order by valor_total asc;


-- RETORNAR TODAS AS CIDADES QUE TERMINEM COM A LETRA 'A' E O VALOR SEJA <= 90 
select cliente, cidade, valor_total from TB_PEDIDOS_CLIENTE_V2
where cidade like '%a' and valor_total <= 90.00
order by valor_total asc;


-- OPERADOR OR
select * from TB_PEDIDOS_CLIENTE_V2
where cidade = 'Fortaleza' or valor_total <= 150.00
order by valor_total asc;


-- OPERADOR NOT
select * from TB_PEDIDOS_CLIENTE_V2
where not cidade = 'São Paulo'
order by cidade asc;


-- OPERADOR IN

-- forma trabalhosa
select * from TB_PEDIDOS_CLIENTE_V2
where cidade = 'Belo Horizonte'
	or cidade = 'Curitiba'
    or cidade = 'Fortaleza'
order by cidade asc;

-- melhor forma
select * from TB_PEDIDOS_CLIENTE_V2
where cidade in ('Belo Horizonte', 'Curitiba', 'Fortaleza')
order by cidade asc;

-- OPERADOR NOT IN
select * from TB_PEDIDOS_CLIENTE_V2
where cidade not in ('Belo Horizonte', 'Curitiba', 'Fortaleza')
order by cidade asc;

